{
  "Custom 1": {
    "name": "Custom 1",
    "bore": 0.052400001525878905,
    "stroke": 0.05779999923706055,
    "conrod": 0.092,
    "compression_ratio": 10.0,
    "n_cylinders": 7,
    "stroke_cycle": 4,
    "diesel": false,
    "turbo_boost": 0.0,
    "ignition_btdc": 20.0,
    "burn_duration": 56.0,
    "evo": 145.0,
    "evc": 375.0,
    "ivo": 355.0,
    "ivc": 585.0,
    "redline_rpm": 8500.0,
    "idle_rpm": 1500.0,
    "inertia": 0.014000000432133675,
    "power_tune": 1.0,
    "octane": 95.0,
    "pipe_length": 1.0,
    "pipe_diameter": 0.03,
    "runner_spread": 0.0,
    "muffler_volume": 0.0,
    "intake_length": 0.44999998807907104,
    "intake_diameter": 0.055,
    "firing_order": [
      1,
      2,
      3,
      4,
      5,
      6,
      7,
      8,
      9,
      10,
      11,
      12,
      13
    ],
    "firing_angles": []
  }
}